{"cameraMode":{"drawMode":0,"name":"Shaded","section":"Shading Mode"},"sceneLighting":true,"audioPlay":false,"sceneViewState":{"m_AlwaysRefresh":false,"showFog":true,"showSkybox":true,"showFlares":true,"showImageEffects":true,"showParticleSystems":true,"showVisualEffectGraphs":true,"m_FxEnabled":true},"in2DMode":false,"pivot":{"x":0.920428991317749,"y":-1.1124134063720704,"z":2.279726028442383},"rotation":{"x":0.0053371707908809189,"y":0.9008959531784058,"z":-0.43386057019233706,"w":0.011082432232797146},"size":2.0795085430145265,"orthographic":false}